Site	ID	lat	long	RSL_class	-930	-880	-830	-780	-730	-680	-630	-580	-530	-480	-430	-380	-330	-280	-230	-180	-130	-80	-30	20	70	120	170	220	270	320	370	420	470	520	570	620	670	720	770	820	870	920	970	1020	1070	1120	1170	1220	1270	1320	1370	1420	1470	1520	1570	1620	1670	1720	1770	1820	1870	1920	1970	2020
Big River Marsh	31000	48.6	-58.8	RSLs	-2651.463	-2614.428	-2585.884	-2565.304	-2540.496	-2499.738	-2474.488	-2481.674	-2479.689	-2458.582	-2439.774	-2426.47	-2395.006	-2333.604	-2270.881	-2248.046	-2246.33	-2234.998	-2215.8	-2198.157	-2183.67	-2154.065	-2109.045	-2053.406	-1982.065	-1897.723	-1802.452	-1694.467	-1600.417	-1538.198	-1514.695	-1526.611	-1535.281	-1511.2	-1463.959	-1407.198	-1347.832	-1296.4	-1247.237	-1205.637	-1181.709	-1162.549	-1126.159	-1079.33	-1028.807	-971.786	-909.991	-851.63	-799.476	-744.216	-675.405	-607.869	-540.301	-476.214	-409.279	-338.706	-276.686	-217.528	-117.823	17.525
Big River Marsh	31000	48.6	-58.8	SDs	91.839	63.231	39.633	26.952	24.377	23.296	21.459	21.699	22.409	21.862	20.743	20.408	19.965	19.697	19.575	20.938	22.691	22.875	21.708	20.749	20.594	21.215	22.055	21.89	21.601	21.214	21.589	23.313	24.887	25.54	24.517	21.618	19.057	17.906	19.581	21.875	22.992	23.907	25.254	25.335	23.57	21.686	21.02	19.98	18.885	18.528	18	17.521	17.329	17.524	17.41	17.578	16.274	15.361	15.835	14.863	14.17	12.841	7.596	12.441
Barn Island	32000	41.3	-71.9	RSLs	-3308.58	-3205.352	-3121.51	-3058.366	-3007.585	-2954.231	-2899.481	-2852.193	-2806.162	-2760.979	-2720.75	-2682.035	-2633.188	-2574.06	-2525.822	-2500.166	-2481.238	-2453.363	-2420.122	-2387.12	-2348.022	-2292.876	-2232.222	-2173.169	-2114.647	-2068.687	-2037.896	-2008.495	-1977.707	-1940.195	-1898.799	-1861.606	-1816.871	-1765.413	-1716.982	-1667.665	-1614.375	-1567.873	-1526.297	-1479.678	-1425.153	-1357.969	-1274.253	-1174.678	-1059.566	-941.347	-852.359	-798.287	-758.04	-721.808	-683.972	-642.072	-589.936	-534.201	-467.792	-395.569	-322.087	-235.403	-111.512	29.476
Barn Island	32000	41.3	-71.9	SDs	252.654	246.273	240.382	234.658	228.966	223.221	217.678	212.254	206.994	202.025	197.51	193.332	189.46	186.258	183.792	181.851	180.162	178.433	176.59	174.569	172.305	169.966	167.681	165.204	162.32	159.489	156.502	153.207	149.532	145.458	141.171	136.467	131.368	126.09	120.462	114.181	107.347	100.796	94.215	86.494	77.239	67.267	57.472	47.281	36.162	25.051	18.873	15.98	16.83	15.788	12.343	12.375	11.371	10.733	10.484	10.9	10.95	8.788	6.322	10.548
East River Marsh	33000	41.3	-72.6	RSLs	-3241.398	-3153.03	-3079.165	-3020.663	-2970.573	-2917.191	-2863.713	-2817.512	-2771.272	-2723.457	-2677.347	-2629.803	-2570.281	-2498.53	-2434.74	-2391.4	-2352.201	-2300.897	-2243.403	-2189.501	-2136.303	-2075.51	-2018.601	-1972.234	-1931.697	-1901.941	-1880.122	-1853.771	-1825.358	-1792.089	-1754.62	-1719.783	-1675.348	-1619.842	-1561.39	-1498.613	-1431.035	-1370.523	-1315.334	-1260.074	-1208.206	-1161.216	-1116.709	-1070.687	-1015.928	-954.41	-907.653	-881.506	-861.527	-844.126	-822.354	-790.839	-744.047	-688.839	-617.033	-529.267	-428.332	-299.944	-130.197	48.677
East River Marsh	33000	41.3	-72.6	SDs	320.136	304.194	287.695	270.418	252.231	233.045	212.972	191.982	170.111	147.523	124.49	101.133	77.612	54.716	34.08	20.463	17.471	18.025	18.563	19.797	20.095	18.654	18.345	19.047	19.164	20.069	21.011	21.979	22.929	23.33	23.306	23.117	23.653	26.029	30.309	34.241	37.298	40.74	42.36	40.877	36.338	30.82	26.856	24.792	23.465	23.204	23.732	23.296	23.242	23.398	23.241	23.245	22.273	20.423	18.016	15.785	13.827	11.661	8.152	11.924
Little Manatee River	34000	27.7	-82.5	RSLs	-1462.687	-1387.52	-1320.702	-1263.085	-1211	-1159.308	-1115.8	-1086.592	-1063.918	-1045.904	-1036.143	-1033.816	-1032.949	-1032.976	-1044.72	-1072.43	-1099.661	-1107.915	-1102.173	-1092.095	-1074.747	-1044.816	-1012.213	-985.426	-966.132	-957.805	-957.034	-955.917	-953.624	-946.047	-936.997	-934.029	-930.128	-920.239	-907.911	-891.864	-870.885	-849.566	-826.896	-805.9	-792.148	-785.095	-778.145	-771.89	-762.361	-744.299	-718.971	-688.471	-653.433	-613.782	-571.337	-536.47	-503.76	-471.608	-433.91	-386.354	-325.086	-239.3	-113.589	26.324
Little Manatee River	34000	27.7	-82.5	SDs	337.191	313.872	289.686	264.522	238.318	211.112	183.061	154.38	125.372	96.587	68.854	43.809	25.694	19.236	16.573	14.338	14.778	17.599	19.57	21.297	20.882	20.359	21.769	24.834	27.591	29.163	27.021	24.326	23.892	26.515	28.957	31.085	30.511	28.448	28.411	30.786	33.408	32.87	31.894	30.271	26.392	24.187	23.523	23.101	22.689	19.594	17.28	17.272	15.656	14.004	12.581	14.033	15.191	18.158	21.43	20.199	16.244	10.983	7.378	12.631
Cedar Island	35000	35	-76.4	RSLs	-2430.5	-2389.459	-2357.766	-2334.666	-2313.773	-2287.645	-2264.518	-2251.141	-2240.429	-2230.901	-2225.008	-2219.907	-2206.83	-2182.382	-2156.241	-2137.223	-2114.73	-2080.988	-2041.548	-2000.301	-1955.432	-1909.577	-1870.43	-1836.934	-1802.668	-1768.191	-1733.568	-1694.831	-1652.19	-1599.325	-1536.963	-1478.822	-1434.917	-1400.12	-1369.139	-1340.629	-1313.202	-1287.858	-1258.14	-1223.182	-1185.251	-1145.489	-1105.831	-1070.024	-1032.194	-991.382	-949.354	-912.076	-875.436	-829.241	-772.198	-719.674	-673.057	-630.74	-586.648	-533.505	-457.146	-340.027	-165.143	34.338
Cedar Island	35000	35	-76.4	SDs	65.495	43.583	30.506	26.765	23.912	24.21	28.386	30.785	31.413	34.198	34.775	30.762	25.018	21.643	19.757	18.228	17.666	19.111	20.141	18.531	17.23	19.184	20.934	20.789	18.277	16.226	16.772	18.984	20.211	18.928	14.454	13.299	15.161	15.379	14.557	14.773	15.007	15.444	15.234	14.479	13.884	13.472	13.861	16.147	15.126	13.878	15.271	15.868	14.563	13.771	13.515	13.959	13.663	13.763	14.75	14.468	11.576	9.103	7.604	12.312
Nassau	36000	30.6	-81.7	RSLs	-1623.257	-1547.128	-1478.621	-1418.4	-1362.581	-1305.814	-1255.671	-1218.025	-1184.871	-1153.88	-1127.355	-1103.421	-1074.685	-1039.252	-1008.695	-992.615	-979.987	-959.861	-935.75	-912.685	-889.934	-864.35	-841.18	-821.878	-801.477	-782.11	-764.747	-746.131	-728.611	-708.825	-688.935	-675.318	-661.43	-642.965	-624.466	-606.22	-586.717	-568.095	-546.421	-521.963	-498.624	-476.503	-453.612	-432.55	-410.739	-384.828	-358.666	-336.088	-315.624	-294.601	-271.771	-253.684	-238.686	-228.178	-217.787	-206.93	-195.908	-165.999	-75.367	37.64
Nassau	36000	30.6	-81.7	SDs	251.421	222.978	193.91	164.295	134.322	104.405	75.355	48.616	27.72	19.506	18.932	18.876	18.893	19.852	21.074	21.208	20.883	20.597	20.435	20.227	19.496	18.522	19.597	20.565	20.604	20.984	21.885	22.539	22.401	22.2	22.617	23.127	22.924	22.204	21.834	21.991	22.233	21.75	20.657	19.522	18.268	17.47	17.884	18.414	19.275	19.791	20.469	21.055	20.329	19.416	18.803	20.002	23.857	28.529	28.885	22.676	13.047	7.336	6.93	12.449
Revere	37000	42.4	-71	RSLs	-2246.161	-2145.453	-2059.883	-1990.67	-1931.375	-1870.962	-1813.308	-1766.059	-1721.807	-1678.978	-1640.908	-1604.555	-1559.825	-1506.425	-1462.746	-1441.017	-1428.84	-1412.473	-1393.142	-1373.439	-1348.298	-1310.796	-1268.015	-1224.23	-1178.462	-1140.104	-1112.2	-1084.975	-1055.169	-1018.406	-980.048	-943.045	-894.521	-838.747	-791.941	-752.223	-718.035	-697.503	-690.658	-694.73	-707.565	-719.082	-720.55	-710.967	-688.389	-657.846	-637.843	-630.082	-620.15	-600.901	-570.601	-535.31	-496.278	-460.653	-421.613	-372.538	-313.531	-240.548	-127.068	4.327
Revere	37000	42.4	-71	SDs	173.946	147.472	120.553	93.372	66.858	44.496	39.45	54.956	74.711	92.741	107.597	118.633	125.656	128.866	128.25	123.7	115.412	103.721	89.058	72.052	54.253	40.659	41.536	53.002	65.199	75.522	82.986	87.701	90.185	90.526	88.362	83.617	77.869	72.374	68.067	63.071	55.313	44.989	36.214	37.685	48.39	59.648	67.848	71.671	71.018	66.506	59.653	52.321	46.055	40.569	36.105	36.249	39.45	43.154	45.126	43.008	37.193	30.152	24.363	21.293
Wood Island	38000	42.2	-70.8	RSLs	-2381.309	-2277.947	-2190.655	-2120.703	-2061.292	-2000.612	-1942.023	-1893.455	-1847.749	-1803.574	-1764.438	-1727.218	-1681.532	-1627.107	-1582.711	-1560.418	-1547.612	-1530.431	-1509.847	-1487.978	-1459.097	-1415.78	-1365.16	-1311.77	-1255.183	-1206.037	-1168.164	-1131.323	-1091.468	-1043.884	-994.365	-945.927	-885.362	-817.774	-760.31	-710.712	-667.195	-638.28	-624.254	-621.688	-627.616	-631.06	-623.057	-602.947	-569.618	-529.867	-504.559	-495.567	-487.282	-471.927	-447.875	-421.374	-393.34	-370.473	-344.843	-308.535	-261.321	-199.954	-97.209	25.023
Wood Island	38000	42.2	-70.8	SDs	230.962	215.15	200.67	187.928	177.595	170.499	167.854	169.481	173.497	178.394	183.088	186.659	188.529	188.536	186.438	181.961	175.151	166.199	155.334	142.819	129.182	115.465	102.881	91.012	78.586	65.542	51.473	36.895	25.497	22.787	23.502	21.344	19.222	20.772	26.914	30.583	28.481	22.436	21.962	30.61	42.625	52.561	58.533	59.568	55.644	47.364	36.549	26.167	20.822	21.36	22.159	21.145	20.563	23.594	26.566	24.663	18.14	10.274	7.275	12.561
Sand Point	39000	35.9	-75.7	RSLs	-3147.982	-3111.174	-3078.869	-3049.38	-3016.867	-2974.35	-2930.043	-2892.235	-2856.355	-2823.181	-2795.859	-2771.417	-2740.441	-2698.635	-2656.498	-2623.971	-2590.943	-2551.363	-2511.841	-2476.129	-2440.587	-2402.611	-2365.954	-2329.798	-2290.408	-2252.123	-2216.141	-2178.271	-2139.131	-2092.964	-2040.379	-1991.856	-1948.49	-1904.111	-1856.752	-1804.431	-1746.151	-1686.219	-1620.718	-1548.646	-1471.806	-1391.277	-1308.447	-1228.439	-1151.577	-1079.475	-1015.075	-961.909	-915.363	-867.757	-815.942	-767.269	-717.064	-662.024	-597.914	-523.677	-437.506	-330.784	-173.255	24.975
Sand Point	39000	35.9	-75.7	SDs	21.503	21.695	21.823	20.986	20.12	19.106	18.863	19.416	20.022	21.765	22.776	22.117	20.579	19.061	17.581	16.359	15.944	15.707	15.467	15.862	15.985	15.763	15.511	14.792	14.857	15.367	15.431	15.446	14.629	14.867	16.874	17.668	17.136	16.367	17.445	17.252	17.011	18.018	17.629	16.291	15.682	15.662	15.143	15.06	15.739	17.103	17.794	17.165	16.5	17.329	17.074	16.097	14.858	14.324	13.1	12.042	11.779	11.2	9.944	12.496
Cape May Courthouse	40000	39.1	-74.8	RSLs	-3983.156	-3953.234	-3929.409	-3911.417	-3894.215	-3871.037	-3847.953	-3829.343	-3805.471	-3772.241	-3730.83	-3678.469	-3604.728	-3510.924	-3429.795	-3380.65	-3346.481	-3303.49	-3247.15	-3180.01	-3098.742	-3001.942	-2901.397	-2803.802	-2708.304	-2619.353	-2539.313	-2467.912	-2402.608	-2320.751	-2224.459	-2138.771	-2064.935	-1995.837	-1931.772	-1869.365	-1809.605	-1755.928	-1700.646	-1641.418	-1581.71	-1528.646	-1486.423	-1459.145	-1434.222	-1392.787	-1330.984	-1260.233	-1187.238	-1113.473	-1036.903	-963.952	-891.594	-814.423	-726.484	-631.933	-523.832	-380.306	-175.04	50.864
Cape May Courthouse	40000	39.1	-74.8	SDs	401.45	386.981	372.928	359.39	346.528	334.583	323.852	314.582	306.929	300.945	296.432	292.664	288.903	285.149	281.396	277.471	273.133	268.289	263.105	257.815	252.42	246.733	240.46	233.275	224.896	215.515	205.472	194.872	183.761	172.018	159.614	146.572	132.688	118.073	102.853	86.992	70.457	53.294	36.711	25.626	24.482	25.823	25.381	23.894	23.59	26.848	32.399	34.378	31.472	26.108	22.452	20.44	20.071	19.565	19.597	19.343	16.245	12.621	7.868	12.652
Leeds Point	41000	39.5	-74.4	RSLs	-4294.238	-4270.434	-4252.567	-4240.256	-4228.205	-4209.258	-4189.111	-4171.903	-4147.584	-4111.701	-4065.09	-4004.808	-3919.635	-3811.435	-3717.966	-3660.259	-3619.237	-3567.903	-3500.351	-3419.239	-3320.894	-3204.527	-3084.295	-2968.248	-2855.766	-2751.604	-2658.475	-2576.882	-2503.077	-2409.116	-2296.957	-2196.688	-2111.119	-2032.618	-1960.623	-1890.706	-1824.49	-1766.222	-1707.339	-1645.085	-1582.923	-1526.315	-1477.596	-1438.574	-1398.834	-1344.811	-1276.982	-1207.415	-1142.221	-1081.217	-1019.034	-957.557	-891.827	-818.026	-730.819	-635.928	-531.144	-394.8	-199.611	16.196
Leeds Point	41000	39.5	-74.4	SDs	289.805	263.956	237.275	209.731	181.371	152.389	123.198	94.374	66.816	42.462	25.85	18.901	14.063	13.843	18.81	23.658	25.181	23.14	21.046	23.927	30.779	37.941	43.009	44.499	41.151	34.466	27.234	20.93	17.529	16.51	17.471	19.806	20.611	20.959	21.802	23.007	24.565	26.144	28.511	32.554	36.693	37.925	36.953	36.191	35.69	36.239	36.826	37.038	41.159	49.175	57.044	62.687	65.765	66.033	63.613	58.424	50.082	39.471	27.9	21.474
Les Sillons	42000	47.5	-61.7	RSLs	-2781.486	-2719.933	-2665.652	-2618.866	-2574.465	-2526.012	-2483.021	-2451.915	-2420.579	-2385.355	-2350.624	-2314.761	-2268.406	-2209.995	-2156.195	-2123.073	-2099.526	-2070.774	-2037.854	-2004.621	-1969.628	-1927.468	-1882.002	-1836.029	-1787.257	-1738.864	-1691.601	-1641.925	-1594.857	-1549.724	-1509.746	-1480.351	-1451.101	-1414.852	-1376.932	-1338.907	-1299.625	-1262.127	-1223.1	-1183.906	-1148.474	-1113.875	-1074.371	-1032.357	-986.388	-933.696	-878.893	-827.176	-778.083	-727.81	-672.209	-615.919	-554.444	-490.921	-426.433	-355.269	-277.604	-199.297	-100.68	18.042
Les Sillons	42000	47.5	-61.7	SDs	540.872	535.605	530.792	526.334	522.135	518.141	514.347	510.738	507.274	503.935	500.69	497.509	494.367	491.245	488.111	484.94	481.703	478.368	474.902	471.28	467.467	463.429	459.132	454.519	449.538	444.149	438.294	431.924	424.974	417.377	409.046	399.886	389.825	378.795	366.726	353.539	339.151	323.496	306.531	288.202	268.456	247.278	224.688	200.739	175.547	149.338	122.489	95.546	69.422	45.96	29.342	22.933	20.469	17.021	14.115	12.482	9.914	8.763	8.988	12.263
Placentia	43000	47.2	-54	RSLs	-1614.076	-1557.679	-1511.299	-1475.89	-1447.772	-1421.875	-1406.383	-1402.553	-1403.363	-1401.558	-1391.213	-1365.203	-1315.138	-1241.177	-1165.909	-1121.132	-1097.562	-1076.346	-1053.644	-1028.445	-1002.892	-979.594	-960.041	-945.856	-934.702	-928.929	-927.198	-923.872	-920.788	-914.856	-908.35	-908.454	-908.97	-905.528	-901.527	-896.057	-886.815	-875.891	-861.108	-847.194	-836.23	-820.671	-791.547	-750.19	-695.349	-617.888	-526.668	-439.45	-373.415	-334.526	-309.452	-292.582	-274.227	-248.606	-209.579	-164.946	-129.619	-109.364	-65.5	12.359
Placentia	43000	47.2	-54	SDs	188.619	158.079	127.59	97.598	68.877	43.146	25.202	20.149	19.318	17.87	16.554	14.979	12.967	11.76	12.859	15.09	16.577	18.069	19.229	20.434	22.32	25.47	30.398	32.644	32.888	32.917	31.22	31.27	31.426	30.761	32.745	33.417	32.348	31.864	29.643	28.148	26.872	24.555	23.256	21.57	19.68	17.591	15.495	14.408	14.724	14.938	15.027	16.675	20.205	24.807	27.356	28.905	30.724	30.378	27.723	23.309	18.734	14.527	8.849	12.567
Saint Simeon	44000	48.1	-65.5	RSLs	-2770.605	-2711.26	-2659.005	-2614.125	-2572.264	-2527.537	-2487.014	-2455.925	-2425.352	-2392.279	-2359.153	-2323.75	-2278.21	-2222.007	-2170.406	-2136.612	-2110.246	-2078.14	-2041.098	-2002.188	-1959.435	-1908.633	-1853.848	-1797.387	-1736.953	-1675.431	-1613.037	-1545.601	-1475.278	-1399.165	-1324.272	-1258.588	-1192.618	-1124.528	-1069.054	-1029.779	-996.632	-963.785	-927.566	-890.551	-852.78	-809.286	-757.504	-703.887	-647.544	-585.921	-524.263	-468.479	-418.846	-373.282	-329.313	-291.844	-258.482	-229.375	-193.258	-148.745	-104.171	-71.4	-33.056	20.482
Saint Simeon	44000	48.1	-65.5	SDs	521.045	512.334	503.649	494.854	485.832	476.506	466.83	456.732	446.117	434.909	423.013	410.335	396.787	382.295	366.768	350.124	332.292	313.205	292.811	271.085	248.02	223.654	198.086	171.445	143.963	116.084	88.452	62.285	40.2	27.441	24.274	23.983	23.185	21.776	20.529	20.071	20.378	21.065	21.717	22.521	23.079	23.046	22.497	23.254	29.344	41.408	53.654	62.102	65.218	62.629	54.723	43.035	31.216	24.613	22.576	21.691	20.592	18.399	13.575	12.959
Chezzetcook Inlet	45000	44.7	-63.3	RSLs	-2719.906	-2678.657	-2645.133	-2619.664	-2597.952	-2574.169	-2555.386	-2546.862	-2539.798	-2531.248	-2523.683	-2514.928	-2497.221	-2470.127	-2448.955	-2446.93	-2453.767	-2456.411	-2455.744	-2454.907	-2452.001	-2442.935	-2431.873	-2421.205	-2408.729	-2397.419	-2387.575	-2375.102	-2362.187	-2345.588	-2327.299	-2312.978	-2294.72	-2266.875	-2232.757	-2191.279	-2139.591	-2078.932	-2004.693	-1918.332	-1830.143	-1744.092	-1656.549	-1570.375	-1483.951	-1395.586	-1311.142	-1230.122	-1147.633	-1058.554	-965.58	-876.208	-782.348	-684.872	-586.949	-495.416	-405.957	-294.833	-140.151	32.715
Chezzetcook Inlet	45000	44.7	-63.3	SDs	543.191	536.991	531.081	525.354	519.724	514.14	508.584	503.015	497.368	491.598	485.643	479.438	472.925	466.055	458.756	450.964	442.614	433.633	423.949	413.493	402.188	389.961	376.744	362.442	346.97	330.27	312.272	292.935	272.224	250.129	226.654	201.831	175.771	148.698	120.95	93.025	65.697	40.422	21.273	15.151	15.497	15.21	14.209	14.322	14.737	14.862	15.042	14.294	11.896	10.532	10.593	10.84	11.181	11.432	11.69	11.199	9.437	6.403	5.545	12.058
Sanborn Cove	46000	44.7	-67.4	RSLs	-2365.492	-2320.065	-2281.728	-2250.795	-2222.939	-2192.272	-2165.774	-2148.685	-2132.252	-2113.531	-2094.955	-2074.324	-2043.878	-2003.203	-1967.627	-1950.34	-1941.088	-1926.889	-1908.684	-1889.673	-1868.024	-1839.766	-1809.247	-1779.038	-1747.159	-1716.885	-1688.827	-1659.175	-1630.414	-1599.729	-1569.706	-1546.569	-1523.098	-1494.656	-1465.711	-1436.234	-1404.594	-1373.469	-1339.882	-1304.641	-1271.084	-1237.453	-1199.688	-1159.371	-1114.023	-1060.919	-1005.101	-951.339	-898.66	-843.886	-783.683	-721.899	-654.828	-582.556	-501.092	-413.932	-321.988	-215.516	-88.628	30.631
Sanborn Cove	46000	44.7	-67.4	SDs	548.351	543.102	538.287	533.817	529.625	525.684	521.998	518.55	515.3	512.229	509.303	506.493	503.775	501.136	498.548	495.987	493.434	490.864	488.253	485.581	482.821	479.949	476.942	473.751	470.328	466.643	462.645	458.296	453.544	448.336	442.604	436.27	429.269	421.543	413.025	403.638	393.3	381.935	369.483	355.868	340.999	324.797	307.2	288.162	267.653	245.679	222.286	197.537	171.567	144.628	117.078	89.514	62.883	39.089	22.92	18.081	15.984	10.501	7.345	12.741
Barn Island	47000	41.3	-71.9	RSLs	-3308.58	-3205.352	-3121.51	-3058.366	-3007.585	-2954.231	-2899.481	-2852.193	-2806.162	-2760.979	-2720.75	-2682.035	-2633.188	-2574.06	-2525.822	-2500.166	-2481.238	-2453.363	-2420.122	-2387.12	-2348.022	-2292.876	-2232.222	-2173.169	-2114.647	-2068.687	-2037.896	-2008.495	-1977.707	-1940.195	-1898.799	-1861.606	-1816.871	-1765.413	-1716.982	-1667.665	-1614.375	-1567.873	-1526.297	-1479.678	-1425.153	-1357.969	-1274.253	-1174.678	-1059.566	-941.347	-852.359	-798.287	-758.04	-721.808	-683.972	-642.072	-589.936	-534.201	-467.792	-395.569	-322.087	-235.403	-111.512	29.476
Barn Island	47000	41.3	-71.9	SDs	252.654	246.273	240.382	234.658	228.966	223.221	217.678	212.254	206.994	202.025	197.51	193.332	189.46	186.258	183.792	181.851	180.162	178.433	176.59	174.569	172.305	169.966	167.681	165.204	162.32	159.489	156.502	153.207	149.532	145.458	141.171	136.467	131.367	126.09	120.462	114.181	107.347	100.796	94.215	86.494	77.239	67.267	57.472	47.281	36.162	25.051	18.873	15.98	16.83	15.788	12.343	12.375	11.371	10.733	10.484	10.9	10.95	8.788	6.322	10.548
Snipe Key	48000	24.7	-81.7	RSLs	-1981.771	-1922.876	-1869.418	-1821.746	-1776.38	-1728.464	-1686.279	-1656.81	-1632.213	-1608.885	-1587.531	-1563.72	-1529.022	-1485.415	-1449.828	-1435.356	-1431.422	-1424.91	-1416.916	-1410.428	-1402.618	-1387.773	-1367.925	-1343.244	-1309.999	-1269.921	-1222.263	-1163.476	-1100.082	-1034.038	-969.167	-911.377	-854.29	-797.402	-748.014	-706.258	-669.565	-639.185	-610.923	-585.926	-567.301	-552.02	-534.671	-515.578	-491.314	-458.628	-423.222	-392.967	-370.241	-353.62	-339.986	-332.885	-327.947	-323.637	-313.226	-293.085	-259.957	-201.497	-97.787	27.61
Snipe Key	48000	24.7	-81.7	SDs	41.831	35.878	34.312	34.273	34.368	34.461	35.661	38.63	41.834	44.115	45.353	45.837	45.873	45.549	44.963	44.502	45.045	47.256	49.973	52.277	53.761	54.16	53.247	50.675	46.207	39.83	33.4	29.925	30.341	32.282	32.374	30.112	29.083	32.391	36.169	38.988	41.378	43.939	46.485	48.327	49.215	49.073	47.758	45.092	41.198	37.414	36.54	39.357	44.284	49.062	52.265	53.512	52.765	49.621	43.748	34.459	22.155	10.223	7.505	12.843
Swan Key	49000	25.3	-80.3	RSLs	-2693.916	-2641.825	-2594.904	-2554.988	-2518.836	-2480.162	-2444.345	-2414.283	-2378.135	-2328.869	-2264.053	-2177.335	-2064.218	-1939.627	-1831.909	-1759.216	-1711.035	-1670.866	-1635.523	-1604.062	-1570.475	-1526.69	-1473.398	-1411.56	-1341.745	-1271.996	-1208.096	-1149.47	-1100.662	-1059.956	-1028.911	-1011.208	-996.927	-979.38	-960.71	-938.282	-908.218	-871.791	-827.188	-782.652	-747.116	-719.637	-695.329	-674.094	-651.355	-622.049	-589.239	-557.489	-527.094	-496.544	-463.597	-432.933	-401.906	-371.156	-335.78	-293.99	-244.894	-180.281	-82.821	30.56
Swan Key	49000	25.3	-80.3	SDs	33.816	29.947	29.967	31.487	33.013	33.88	34.149	33.754	32.71	30.683	26.849	22.291	20.715	21.976	24.767	28.358	31.666	33.539	34.213	34.144	33.296	31.206	28.204	26.1	25.303	25.845	27.486	29.218	31.346	34.739	39.113	42.874	45.148	45.86	44.623	41.285	35.743	29.552	27.342	31.023	36.309	40.031	41.827	42.02	40.776	38.276	35.591	33.865	33.459	33.818	33.574	32.758	32.734	33.412	33.205	30.883	26.778	21.359	13.973	13.014
Cheesequake	50000	40.4	-74.3	RSLs	-3511.766	-3462.347	-3419.976	-3384.657	-3351.274	-3312.648	-3274.672	-3242.23	-3206.04	-3162.518	-3113.361	-3055.903	-2980.297	-2887.387	-2804.869	-2750.028	-2707.067	-2655.244	-2593.162	-2525.438	-2449.635	-2363.044	-2276.592	-2196.573	-2121.146	-2054.198	-1996.619	-1945.903	-1902.338	-1850.822	-1792.837	-1746.097	-1704.104	-1660.638	-1617.603	-1571.053	-1520.033	-1471.21	-1420.499	-1367.437	-1317.934	-1276.711	-1244.481	-1217.798	-1185.918	-1141.636	-1091.8	-1049.453	-1018.744	-996.051	-967.898	-925.226	-859.906	-774.189	-666.864	-551.95	-443.092	-318.761	-148.099	37.501
Cheesequake	50000	40.4	-74.3	SDs	458.426	448.001	437.868	428.002	418.418	409.178	400.384	392.101	384.349	377.129	370.347	363.689	356.833	349.771	342.488	334.904	326.872	318.293	309.223	299.781	289.981	279.78	269.142	258.003	246.322	234.312	222.256	210.353	198.807	187.734	176.917	165.851	154.08	141.497	128.185	114.235	99.752	84.878	70.058	56.868	47.65	42.551	41.027	41.122	40.949	40.736	40.3	39.928	40.01	39.844	39.382	38.744	38.258	37.178	34.041	28.731	21.628	12.916	7.691	12.612
East River Marsh	51000	41.3	-72.6	RSLs	-3241.398	-3153.03	-3079.165	-3020.663	-2970.573	-2917.191	-2863.713	-2817.512	-2771.272	-2723.457	-2677.347	-2629.803	-2570.281	-2498.53	-2434.74	-2391.4	-2352.201	-2300.897	-2243.403	-2189.5	-2136.303	-2075.51	-2018.601	-1972.234	-1931.697	-1901.941	-1880.122	-1853.771	-1825.357	-1792.089	-1754.62	-1719.782	-1675.348	-1619.842	-1561.39	-1498.613	-1431.035	-1370.523	-1315.334	-1260.073	-1208.206	-1161.216	-1116.709	-1070.687	-1015.928	-954.409	-907.652	-881.506	-861.527	-844.126	-822.354	-790.839	-744.047	-688.839	-617.033	-529.267	-428.332	-299.944	-130.197	48.677
East River Marsh	51000	41.3	-72.6	SDs	320.136	304.194	287.695	270.418	252.231	233.045	212.972	191.982	170.111	147.523	124.49	101.133	77.612	54.716	34.08	20.463	17.471	18.025	18.563	19.797	20.095	18.654	18.345	19.047	19.164	20.069	21.011	21.979	22.929	23.33	23.306	23.117	23.653	26.029	30.309	34.241	37.298	40.74	42.36	40.877	36.338	30.82	26.856	24.792	23.465	23.204	23.732	23.296	23.242	23.398	23.241	23.245	22.273	20.423	18.016	15.785	13.827	11.661	8.152	11.924
Pelham Bay	52000	40.9	-73.8	RSLs	-3088.641	-3028.319	-2976.675	-2934.001	-2894.985	-2851.779	-2809.966	-2775.117	-2738.572	-2697.421	-2653.961	-2605.566	-2542.863	-2466.096	-2397.608	-2352.384	-2315.677	-2269.978	-2217.415	-2164.926	-2110.819	-2050.677	-1994.542	-1948.181	-1908.38	-1878.316	-1856.932	-1838.672	-1826.399	-1812.688	-1798.292	-1793.56	-1785.914	-1770.228	-1750.239	-1722.217	-1683.914	-1644.478	-1602.291	-1557.217	-1516.36	-1483.883	-1458.883	-1433.67	-1395.191	-1338.783	-1276.717	-1223.449	-1180.889	-1144.468	-1097.177	-1025.386	-922.039	-795.688	-648.941	-502.727	-381.442	-263.876	-117.791	34.103
Pelham Bay	52000	40.9	-73.8	SDs	463.405	452.871	442.328	431.684	420.882	409.913	398.822	387.62	376.308	364.909	353.42	341.748	329.787	317.554	305.034	292.164	278.675	264.255	248.814	232.387	214.922	196.373	176.844	156.379	134.998	112.99	90.755	69.018	49.449	35.982	31.648	32.708	34.241	34.649	34.378	33.968	33.796	34.102	34.323	34.752	35.529	35.689	35.396	34.452	32.544	30.54	29.554	29.527	29.8	29.689	29.208	28.674	27.22	24.015	17.766	9.862	6.757	6.068	6.463	12.081
Fox Hill Marsh	53000	41.5	-71.4	RSLs	-3250.908	-3133.171	-3037.508	-2965.526	-2908.175	-2848.796	-2787.522	-2734.065	-2682.819	-2633.99	-2592.141	-2553.681	-2506.387	-2450.19	-2406.721	-2387.259	-2376.721	-2360.016	-2338.684	-2314.942	-2280.209	-2223.859	-2155.356	-2081.803	-2004.785	-1941.023	-1897.137	-1859.133	-1820.514	-1774.223	-1725.084	-1681.334	-1630.927	-1576.963	-1531.522	-1489.049	-1444.808	-1408.81	-1379.794	-1346.028	-1300.762	-1234.429	-1141.704	-1025.961	-892.192	-759.414	-666.281	-618.908	-594.282	-578.83	-565.422	-551.836	-530.632	-504.87	-463.06	-401.692	-325.153	-234.582	-110.903	28.872
Fox Hill Marsh	53000	41.5	-71.4	SDs	30.447	19.721	15.027	14.156	14.272	12.515	13.697	14.749	14.913	15.045	16.553	16.54	14.235	15.624	19.498	21.156	21.525	21.829	21.89	19.929	15.726	13.835	15.875	16.635	13.429	14.845	17.139	17.557	16.033	13.854	14.287	13.854	13.153	15.02	16.248	14.899	12.867	17.968	25.589	29.203	28.997	27.81	27.564	25.787	21.71	16.683	16.675	18.135	19.746	20.608	20.447	19.009	14.926	12.561	10.637	9.274	9.765	8.316	6.708	11.269
TG1	54000	41.5	-71.4	RSLs	-3250.908	-3133.171	-3037.508	-2965.526	-2908.175	-2848.796	-2787.522	-2734.065	-2682.819	-2633.99	-2592.141	-2553.681	-2506.387	-2450.19	-2406.721	-2387.259	-2376.721	-2360.016	-2338.684	-2314.942	-2280.209	-2223.859	-2155.356	-2081.803	-2004.784	-1941.023	-1897.137	-1859.133	-1820.514	-1774.223	-1725.084	-1681.334	-1630.927	-1576.963	-1531.522	-1489.049	-1444.808	-1408.81	-1379.794	-1346.028	-1300.762	-1234.429	-1141.704	-1025.961	-892.192	-759.414	-666.281	-618.908	-594.282	-578.83	-565.422	-551.836	-530.632	-504.87	-463.06	-401.692	-325.153	-234.582	-110.903	28.872
TG1	54000	41.5	-71.4	SDs	30.447	19.721	15.027	14.156	14.272	12.515	13.697	14.749	14.913	15.045	16.553	16.54	14.235	15.624	19.498	21.156	21.525	21.829	21.89	19.929	15.726	13.835	15.875	16.635	13.429	14.845	17.139	17.557	16.033	13.854	14.287	13.854	13.153	15.02	16.248	14.899	12.867	17.968	25.589	29.203	28.997	27.81	27.564	25.787	21.71	16.683	16.675	18.135	19.746	20.608	20.447	19.009	14.926	12.561	10.637	9.274	9.765	8.316	6.708	11.269